id,score,label
236977,117.41066236495682,1
4552,117.17493628044583,0
315494,116.99596877366866,0
5447,112.21041218262548,0
315495,111.6259498621748,0
50156383,110.86068601602364,0
525710,110.28304671135857,0
525802,109.58935635224088,0
50403067,107.13914179184596,1
525768,107.10231772721605,0
295158,106.20953024010916,0
295157,105.65786788375118,0
50554813,105.2027687208328,0
50512885,105.19612086697532,1
50178290,105.158609026384,0
50521218,104.56468191203398,1
50554792,104.27017154244533,0
50554793,104.17483106110446,0
236990,103.69917161969364,1
525786,103.13560301829808,0
362098,103.05636770499828,0
362081,102.92096513523244,0
50512852,102.53855416071085,0
36410,102.30154905309284,0
50201715,102.16724215236324,0
333982,102.10966404150687,0
284822,101.95639993811685,1
315501,101.948601324285,0
21,101.7737936939033,0
50428107,101.5096805440049,1
525769,101.0692561481364,0
525766,101.01755729355132,0
236992,100.04253292890382,1
50178292,99.58155413115404,0
295227,99.38243801316528,0
358637,99.32492956083928,1
295066,99.31161245312784,0
525801,99.308421331067,0
184557,99.08291985984948,0
333863,98.99689080515395,0
358607,98.82963133758598,1
236967,98.8085016805422,1
50512312,98.70797366677812,0
295071,98.62166791422464,0
50554809,98.61305132994892,0
295255,98.2931607225737,0
288925,98.22344994137497,0
50393359,98.10814272933318,0
295070,98.0685890019674,0
236997,98.01029693060484,1
50393358,97.9958550454844,0
184558,97.82787588769472,0
236945,97.59266304179954,1
236996,97.28363479497868,1
288994,97.27183228225915,0
50331096,97.25675984440451,0
50512311,97.24248312782731,0
295238,97.22745178981071,0
295043,97.14375252757908,0
334140,97.00658365168344,0
295181,96.85388827720462,0
333909,96.6638821411679,0
50393354,96.44610368026729,0
288926,96.34495672801638,0
50201722,96.13351181543192,0
50393343,95.98057759315088,0
295230,95.7304891117608,0
525729,95.51848219481344,0
295182,95.24489385468938,0
362103,95.14723587922458,0
362095,95.04744630533304,0
295243,95.04318925553034,0
334180,95.01994749326366,0
295231,94.9918648340096,0
50387534,94.85926164777496,0
295250,94.6629701195526,0
525757,94.46235770815905,0
525730,94.2868207150145,0
525796,94.2518819132845,0
295196,94.16563041256973,0
525755,94.03078206326312,0
295237,93.8453845042758,0
50387532,93.73006343702212,0
295186,93.70468780202388,0
333877,93.54655662502564,0
288871,93.51814676886708,0
288934,93.45840931003065,0
333889,93.32366465024128,0
525778,93.12314295133284,0
50393337,92.90401583254098,0
295133,92.79601313273436,0
362043,92.70431762818014,0
295240,92.6451888999094,0
50554812,92.6357292377044,0
334142,92.45974260542108,0
50026612,92.40371236982146,0
236949,92.30420066423754,1
525761,92.1064043453568,0
333907,92.07877976041816,0
295253,92.03637966945902,0
362146,92.00853584749518,0
236970,91.80637652665196,1
50201730,91.75529722488136,0
50322823,91.64138315186533,0
362094,91.55828043847576,0
50512299,91.4745887545978,0
362057,91.47160838095152,0
50393341,91.46753208265716,0
362122,91.18873238555965,0
295081,91.01247213662346,0
295251,90.9290667455134,0
50403096,90.89753950742954,1
295086,90.88654855944915,0
295074,90.69483170890436,0
338851,90.69253422959484,0
525788,90.60397513311833,0
295242,90.5826605693056,0
295073,90.47178336590422,0
295148,90.34211752392956,0
525767,90.10283864339948,0
362066,90.05164609424166,0
525754,90.02967224863004,0
288892,89.9734598395333,0
295241,89.96327935014186,0
338866,89.88959784536736,0
50512314,89.88407441432496,0
338872,89.76756634989067,0
338853,89.6565050598874,0
295117,89.6525046820559,0
288869,89.60485127677703,0
50512306,89.51988693904408,0
295079,89.48614561691129,0
295145,89.44124697874224,0
288970,89.41328496248943,0
295254,89.35207455647941,0
50393344,89.34590419486854,0
50279344,89.28027218238289,0
288966,89.17702344800327,0
362035,89.14674902398468,0
288960,89.1265600179949,0
525762,89.09311571504838,0
549966,89.06355724172963,0
288929,88.96801408774793,0
338854,88.87549923190755,0
362151,88.73312092097818,0
50389390,88.71918415678704,0
50004529,88.70419646870809,1
295183,88.60544361745289,0
295249,88.59604881588521,0
236980,88.56625739820741,1
50387533,88.55912179538089,0
588113,88.50741556142265,0
295233,88.48930789647224,0
362039,88.34958789971083,0
338890,88.34768900358095,0
338869,88.32127813197052,0
362061,88.31900216853234,0
295084,88.31705048135213,0
50554805,88.29482667697013,0
288874,88.20243425116556,0
288915,88.19327973907315,0
288982,88.18252195028563,0
288895,88.10069130240191,0
295036,88.07824750317072,0
338849,88.03017016292385,0
295256,87.74490286465682,0
236946,87.7170971278702,1
362050,87.51502959192098,0
288903,87.42262275528245,0
525799,87.33371781030037,0
295226,87.24454852857968,0
288968,87.1933960175531,0
295152,87.18410556964642,0
295138,87.13621738428033,0
338855,87.10205775158278,0
338852,87.06305223910371,0
342482,87.02392336224584,0
295098,86.99971481264004,0
50242737,86.91260984008278,0
464391,86.90897865130111,1
338850,86.87546697065221,0
362128,86.86949883555796,0
50390423,86.83892265721957,0
295139,86.8140261741339,0
362070,86.76192706601171,0
295167,86.72100638254057,0
362153,86.66852183421474,0
362130,86.5166580011526,0
288939,86.32200579558337,0
288944,86.3197587522094,0
362143,86.24341839040122,0
21079,86.23905847959439,0
362166,86.1555958379624,0
6309,86.1534615838642,0
50393346,86.14498892694789,0
295234,86.13430437804259,0
295232,86.0949172796495,0
338897,86.03881914536298,0
362144,85.91116210126152,0
197729,85.87918204527419,0
338887,85.85492275646016,0
295038,85.83341718122225,0
588109,85.77976840047221,0
342478,85.77976840047216,0
288901,85.72926609874737,0
362076,85.71049066182208,0
288962,85.70446189258617,0
525764,85.62716353307852,0
338867,85.62474880486455,0
50193026,85.59390009519217,0
588108,85.53485462508056,0
362062,85.4922315709084,0
338865,85.40778103895309,0
50512872,85.3933922678892,1
342477,85.38320621027128,0
342538,85.36198368106236,0
295215,85.23498243185074,0
288996,85.1036454546818,0
362147,85.0691490901579,0
272777,84.97981573664525,0
362083,84.974673858952,0
338858,84.89605310646198,0
482158,84.85949454049191,0
295185,84.78968859961766,0
272723,84.78943225381907,0
342483,84.7092383043241,0
295235,84.58378401132639,0
588152,84.5426715047206,0
525791,84.529996092868,0
525779,84.52868136649113,0
50389430,84.48425806960756,0
295114,84.48203724986953,0
50193995,84.41273725600631,0
338880,84.37568597109036,0
288904,84.34794547502831,0
525760,84.22966194942155,0
295229,84.1956886836822,0
288963,84.17808556521021,0
288947,84.15933229098691,0
50192887,84.10144075544254,0
362145,84.02311627996517,0
338856,84.00603595272693,0
295175,83.91169853474467,0
295125,83.87700401835231,0
362072,83.84750576394792,0
124099,83.74479736815167,0
288873,83.65605719177839,0
338904,83.64154620092273,0
288882,83.56982805170874,0
338901,83.51070016757869,0
288987,83.35711963323581,0
288878,83.35532528739137,0
362052,83.27684675985887,0
50599594,83.22896717365508,0
172682,83.14187776849053,1
50389403,83.09337988821636,0
295193,83.04208974265161,0
50192886,83.02189700028363,0
338884,83.02113581001423,0
588133,82.98976180677536,0
338871,82.98266656753202,0
342558,82.94329877176595,0
50389395,82.90002399894504,0
288991,82.87438186166614,0
362096,82.85590000089587,0
288916,82.81553958836245,0
338895,82.71171824015327,0
295200,82.49435016651131,0
362077,82.47189746194194,0
525753,82.43083399388209,0
525758,82.42728786348053,0
525792,82.42017550120116,0
362148,82.38358603892338,0
338885,82.21583509590474,0
288951,82.20310324101773,0
362127,82.180676547058,0
362100,82.14449360452639,0
288946,82.1144655870592,0
288971,82.08298990412267,0
126935,82.07888717639668,0
50389425,82.02672513042945,0
338896,81.9994957409086,0
50457969,81.95774476224473,0
588064,81.92946768955741,0
339971,81.92946768955734,0
295035,81.86177166233587,0
362091,81.8209883504582,0
525795,81.75290953674087,0
288893,81.63822043673233,0
295083,81.57895384100154,0
288866,81.48472260394296,0
338900,81.47650678237065,0
525781,81.41624950339998,0
172665,81.25153131346667,1
288923,81.1546521379701,0
288961,81.14628217844488,0
525763,81.1066656966105,0
525782,80.99927724094174,0
50279328,80.89482692659811,0
338902,80.82296645143543,0
362011,80.79662686181466,0
139744,80.75001763831503,0
333709,80.6852743746868,0
338886,80.61153221956059,0
50341409,80.60836013669261,1
272580,80.57336078781395,0
588111,80.44199489086031,0
342480,80.4419948908603,0
27817,80.43087203380094,0
362068,80.42124134519193,0
362064,80.3393877146571,0
334247,80.33223442209614,0
13216,80.28653967277641,0
288959,80.22158972934318,0
50389393,80.19618692600118,0
338889,80.14374154456901,0
362135,80.04319414726297,0
362058,80.0268330893979,0
362150,80.00929376235575,0
362059,80.00689738249764,0
50603861,80.00072641849782,0
362093,79.9350781001617,0
362132,79.90571177063495,0
362097,79.859627954317,0
511017,79.80851442957014,0
124081,79.72379455780118,0
362082,79.72193046582636,0
272595,79.59295532061199,0
362126,79.53612370202205,0
362158,79.53196505754141,0
272784,79.50677730194205,0
50279346,79.23667072557599,0
295204,79.20622532187481,0
50279345,79.11212301100267,0
50436458,79.07483361349297,0
288868,79.04400257359352,0
124119,79.0116908173831,0
272638,78.98221162401134,0
511019,78.96063081646118,0
525789,78.93615532190499,0
50222538,78.9208023961801,0
288988,78.90174624014271,0
288887,78.75480818883032,0
4779,78.72714410592299,0
362053,78.69357388911995,0
421134,78.68388308900609,0
136902,78.68282440327756,0
338874,78.53490456192905,0
124102,78.48805364146854,0
342489,78.44407224184737,0
288936,78.41843020561114,0
295082,78.35146817637613,0
272591,78.32643585637908,0
288877,78.29776450575675,0
50389407,78.29000590508127,0
136905,78.1097229088672,0
288905,77.96203937254894,0
338873,77.94900166875897,0
139722,77.92703303668374,0
288894,77.8310178728012,0
138082,77.81710643755905,0
338899,77.78465896738832,0
418448,77.77151021477685,0
50389406,77.74963428624922,0
288989,77.68234625944558,0
50574861,77.67256354634634,0
525780,77.6276996321632,0
358684,77.49810423284605,1
136005,77.48253216677676,0
362129,77.47935037282456,0
362133,77.34190835508008,0
362051,77.26543378820865,0
288993,77.21053576862975,0
272664,77.16900443967953,0
500199,77.11349914807482,1
136816,76.95835155152706,0
141154,76.92379458733387,0
288957,76.91478740117994,0
362119,76.71941120528086,0
143004,76.70013857914083,0
362069,76.44905086894474,0
362074,76.43362687480635,0
288967,76.35707924424062,0
288964,76.33136262572188,0
130695,76.30318127447762,0
362137,76.2713889859752,0
288949,76.23767348991409,0
362055,76.17995808335618,0
288974,76.16877609311213,0
136759,76.1295759713425,0
288942,76.11114236030657,0
362054,76.03127935744162,0
50393361,75.93066419890509,0
362138,75.91100349213697,0
295124,75.87942847065294,0
129993,75.64088753928111,0
362152,75.63876147601644,0
362060,75.58553992254043,0
272785,75.58003908833032,0
421069,75.52038491845119,0
341219,75.500338554268,1
141980,75.50008756315276,0
421130,75.45805377016268,0
288891,75.41321915908595,0
421363,75.40525491739679,0
50393356,75.39157860142636,0
421084,75.31708422148574,0
272594,75.30324717703087,0
126525,75.2840136215062,0
421128,75.26699055151572,0
288896,75.23118696453284,0
588099,75.17105803235715,0
362086,75.11271415559074,0
136897,75.10946545252776,0
288979,75.07572880204178,0
50341056,75.04594676103763,1
172654,75.02207716797207,1
362041,74.88803675996186,0
362160,74.87909230758827,0
362134,74.85959119340686,0
333871,74.83706772780185,0
172706,74.81682681297565,1
525562,74.69098474446314,0
295189,74.67573925209712,0
362131,74.63409542809843,0
141930,74.58213675221471,0
135638,74.57888388310461,0
138111,74.53959252802782,0
421116,74.53067379003038,0
50512862,74.51614426579197,1
125252,74.48041257624014,0
338881,74.41355740056373,0
127849,74.39643693109221,0
511018,74.3796841516649,0
50355501,74.30477248645867,0
138083,74.29666074544889,0
139758,74.26750169743131,0
172693,74.26704832313611,1
362075,74.26607344113806,0
136876,74.1341853519436,0
288937,74.11539662759921,0
342467,74.07398848041377,0
50279326,74.06806202186124,0
288906,74.00162434537414,0
136717,73.97813794453786,0
50393347,73.95706695747182,0
50599596,73.79761467467807,0
50393352,73.74470012488204,0
138079,73.74294942598806,0
288870,73.6150899528921,0
525785,73.6090341496563,0
362140,73.57592446401374,0
138112,73.50769145352018,0
362136,73.50691624312978,0
50393339,73.48359407224476,0
141100,73.43520719330503,0
26474,73.4012273539289,0
138086,73.37955744334621,0
136791,73.12401548190064,0
50390422,73.10275849263515,0
50178293,73.04535003783005,0
288941,72.96174491455778,0
138084,72.90309448819204,0
418442,72.89241458024753,0
50434806,72.88115073996963,1
421087,72.81994763603844,0
136720,72.78047148206677,0
50457968,72.73072765824136,0
50355496,72.7220617486788,0
142045,72.69806962453323,0
141974,72.6546338354412,0
124080,72.5442063781676,0
127080,72.5226073809867,0
295095,72.49481700787715,0
492336,72.48498666394377,0
288965,72.44034899951792,0
362162,72.41354920045013,0
50222536,72.41254174449749,0
288998,72.34940413217033,0
139533,72.33723747458514,0
588827,72.18692667296004,0
25013,72.13494930897248,0
135652,72.05003423908553,0
136817,71.97634527868057,0
295101,71.8707200001743,0
272593,71.77610150987935,0
143036,71.77596036954334,0
136837,71.62822240191355,0
126934,71.54052525565186,0
362037,71.45700553451188,0
288917,71.4506548712791,0
141991,71.40000349648233,0
141225,71.38550979645194,0
50436449,71.3676121145619,0
50602541,71.36694219991462,0
421064,71.30028536499636,0
421062,71.29843214044162,0
118966,71.29183242705972,0
295190,71.21351961179313,0
50498545,71.18069202046102,0
418443,71.04457339964169,0
288890,70.9933964106355,0
141098,70.98933286988263,0
127055,70.9630552931614,0
124254,70.96205627832724,0
126543,70.78321114766953,0
50602527,70.69238898767256,0
340016,70.67695680038909,0
141227,70.47996609704079,0
139853,70.47466513074468,0
362038,70.42448466062847,0
141188,70.39516405136365,0
362139,70.34393884381733,0
362121,70.33748924733446,0
4814,70.33512058456644,0
338891,70.27569786909157,0
288943,70.2503076514215,0
126965,70.21662756111293,0
50341410,70.21617577903417,1
50390421,70.13052431232543,0
362154,70.10056755238377,0
288931,69.94147561032807,0
421135,69.93488488131223,0
123495,69.91967088144732,0
550098,69.83996663314781,0
362123,69.72114222708099,0
50554804,69.71650596849958,0
50498550,69.70482113739773,0
588125,69.70202953490586,0
288956,69.54025053493255,0
50438634,69.5250701401568,1
511031,69.47552112497007,0
136785,69.43379196501273,0
120530,69.43011774361115,0
525797,69.41951796552036,0
135648,69.36187186389928,0
340021,69.30827204884838,0
421121,69.2485523713803,0
295197,69.16240378604446,0
142981,69.14198293416834,0
362156,69.13602569963932,0
141122,69.11389157534892,0
13534,69.0368698114388,0
129991,69.02882282022765,0
141085,68.97143030589477,0
421083,68.82369745434077,0
125379,68.77492642064,0
421061,68.73520699217424,0
288954,68.54189290578239,0
421068,68.46671309633382,0
50394876,68.4654586623662,0
50426449,68.31580521749247,0
288900,68.24888931949248,0
125267,68.23485334642032,0
295176,68.19831265969599,0
50602540,68.18915814822823,0
126972,68.15594182629306,0
141977,68.12386771406092,0
510988,67.98346665598127,0
129989,67.9573551228341,0
288883,67.95004717984894,0
50202257,67.90783730462668,0
421041,67.87961660267443,0
136907,67.83725543840133,0
333878,67.78923298642978,0
126975,67.78262436111531,0
50602513,67.77951079698241,0
588723,67.75422136999654,0
120867,67.73014316518153,0
136001,67.679907627617,0
550097,67.66732958753285,0
141101,67.6504512296545,0
362034,67.54980743928701,0
126542,67.41044231138225,0
362118,67.34459343786003,0
288997,67.30002565009212,0
421063,67.21989128999775,0
288958,67.18520222124258,0
50439518,67.1503608519574,0
342496,67.13181975413211,0
50341043,67.0796817759923,0
125245,67.05721987524437,0
50602537,67.02996523153865,0
288945,66.99963738179429,0
141172,66.98624013906577,0
50439521,66.94377348015422,0
124117,66.84099473302409,0
362161,66.7655928862404,0
140980,66.70528994913988,0
362049,66.60249667502532,0
511034,66.57791573178226,0
50439522,66.55008400701247,0
362108,66.51767795846628,0
50439527,66.47708332002821,0
288948,66.47072394875762,0
50426176,66.40184319815855,0
50439515,66.35612061797728,0
50389394,66.27088057540145,0
50602526,66.2175067031207,0
50602494,66.17209061818222,0
130240,66.17008863887484,0
50439523,66.16341270593584,0
50550963,66.115573935111,0
457693,66.09762718905613,0
295177,66.03717361961077,0
362110,66.03070830230023,0
50602511,65.95565680220422,0
511030,65.88602097515313,0
588849,65.84296819084054,0
50393332,65.8289283670687,0
141229,65.75845834379527,0
123403,65.71605137395812,0
50222534,65.67110801058776,0
50093351,65.6530552495966,0
50426460,65.63536968376447,0
50602523,65.58624448553864,0
120848,65.55855335228166,0
136901,65.55264645264299,0
50341041,65.5193560998558,0
141142,65.49663474467512,0
135635,65.47904132800304,0
120863,65.41515504019796,0
288902,65.36464341055711,0
288899,65.36361299733454,0
143032,65.29126183166001,0
124127,64.98349634107709,0
511033,64.94170975358375,0
127454,64.86890014659761,0
50401261,64.86455879475078,1
489244,64.77944143866438,1
457694,64.68765689042364,0
50602512,64.66206342619238,0
50067518,64.65546914593607,0
141096,64.62759840617714,0
50332294,64.60573110400283,0
120864,64.59918682425604,0
50436477,64.55496500331303,0
511032,64.491364822198,0
135961,64.48721030623636,0
135660,64.41473087779255,0
124122,64.41023297054781,0
141056,64.40502711038273,0
136874,64.25600079063388,0
288983,64.10168560377333,0
136716,64.07658989634194,0
127850,64.06924691521522,0
511008,63.8015880486465,0
50393336,63.77224572935433,0
139852,63.7497420616927,0
511009,63.73994516546761,0
421052,63.639406567815016,0
136117,63.61924062555847,0
50202268,63.61740685805365,0
50192900,63.604907748335656,0
510989,63.604783125991126,0
125258,63.60133851987748,0
50160073,63.55659032195968,0
135654,63.41646480794075,0
141140,63.39669982237997,0
50602506,63.324113997289686,0
50602524,63.31300118034803,0
125380,63.28939055118542,0
50018267,63.26364827715354,0
124126,63.26169165051461,0
25121,63.24085937841566,0
511029,63.17393927360416,0
525783,63.03920649705964,0
288933,63.03623281259217,0
135728,63.03073434683266,0
50602493,62.98095041235531,0
511028,62.90446415600603,0
288975,62.90040861449183,0
136875,62.85749145595686,0
138105,62.82914052460613,0
138353,62.82605830080087,0
141099,62.82226633032007,0
140977,62.75228260562788,0
141057,62.73188202654101,0
50355499,62.694645984324495,0
50602532,62.65921367219646,0
127076,62.640685086491686,0
141117,62.55475268236837,0
124124,62.50508238562448,0
141138,62.4872539264679,0
50583649,62.48666346468792,0
120847,62.46061227218006,0
50389418,62.21983197067716,0
50067538,62.19480300025534,0
362163,62.155305434168085,0
511007,62.07029615567198,0
272592,61.93536959851733,0
119092,61.93320135780055,0
50067534,61.86438915277952,0
136783,61.75260622172779,0
50602499,61.68980426663243,0
588840,61.63895347971472,0
362017,61.62247469443536,0
141093,61.54835860087832,0
418465,61.45075956734605,0
141115,61.41586824224177,0
141108,61.28084541577745,0
50222527,61.28062785681001,0
126235,61.263188531856215,0
139718,61.19960516022978,0
50067539,61.13248641564211,0
50018268,61.1185167136565,0
135646,61.11385269688992,0
50202260,61.07522831146563,0
50389389,61.06983590714424,0
138337,61.06325191462538,0
139643,61.04908894655005,0
510996,60.98074418722493,0
141086,60.97734106351464,0
136763,60.88605234529499,0
50570775,60.8302188138219,0
140979,60.800838698800405,0
119521,60.65258950670807,0
140346,60.61421159798976,0
582887,60.55326049446381,0
362142,60.54742921068712,0
50602510,60.45337620261454,0
362078,60.44694359377083,0
141090,60.43995375868421,0
124128,60.41898085206359,0
50222533,60.40235120405633,0
136827,60.35697991748186,0
138343,60.29286625295711,0
204059,60.21196299800426,0
50602533,60.189870265558255,0
124125,60.18674015066344,0
138093,60.15613774058518,0
50360045,60.15536456959094,0
141132,60.12004030077871,0
127349,60.10315007321879,0
125381,60.09978494585086,0
50495513,60.087243564652994,0
288914,60.07040632412174,0
141097,59.93101547059519,0
119530,59.91207020428037,0
126927,59.9052645976614,0
288976,59.892155082490135,0
136769,59.79663298505363,0
50389392,59.78920644441529,0
457695,59.66128982440646,0
138101,59.61548856218642,0
418498,59.583692626991066,0
92585,59.58215068947963,0
126931,59.541456910294336,0
50498558,59.540679596200086,0
50360064,59.50504704829068,0
140982,59.494124889410486,0
50575889,59.41481737765201,0
138107,59.361694918343545,0
141089,59.32879557231687,0
421287,59.22164434707486,0
50222530,59.21464417715079,0
204058,59.20980809650831,0
119531,59.17474505713993,0
362125,59.10987513874038,0
50602508,59.014847040795495,0
582930,58.92617317137691,0
139719,58.8994562545984,0
50602500,58.82211973117104,0
129967,58.742627229104286,0
50222539,58.70064718660716,0
50389429,58.67572603205417,0
123047,58.64811598855897,0
136050,58.62138849399886,0
333879,58.57037968106391,0
202728,58.463772536600445,0
203910,58.41555743225931,0
362071,58.32679119075628,0
362157,58.3186162723376,0
50157879,58.2618574849988,0
362023,58.258045221819096,0
118960,58.2322118413561,0
362112,58.177640693424976,0
50160069,58.113824004488094,0
511003,58.07990837360289,0
50602539,58.052500570984414,0
50067513,58.03723433232977,0
141088,58.02977749949783,0
50439517,57.9334354751426,0
123333,57.9316115593398,0
141168,57.816636577209145,0
362028,57.73656191619557,0
136790,57.72493218451452,0
50522160,57.601973122489504,0
119613,57.56853443514795,0
138194,57.44348657097274,0
129988,57.38873118664354,0
125249,57.32382843814871,0
50067515,57.30629372679258,0
125237,57.28552996987474,0
288401,57.26056790224161,0
510997,57.25948256299827,0
130694,57.242144400967895,0
50505407,57.2176226226595,0
31093,56.98293051350354,0
141095,56.96132556923288,0
127469,56.83709741226921,0
120865,56.76858402842047,0
126545,56.73852096366979,0
50389402,56.68148636551691,0
135698,56.67587565047056,0
362159,56.48060005051826,0
362117,56.38998927551079,0
124118,56.37795255712725,0
50505414,56.27722689725405,0
138104,56.26575711718878,0
50571998,56.24067930748386,1
50506336,56.14170586502195,0
136770,56.13509250191246,0
25919,56.08226263760539,0
13336,56.06920517838466,0
50570774,56.01587052904749,0
288980,55.85175362920207,0
362107,55.80667696594195,0
8370,55.79251877118516,0
50498546,55.77271049384612,0
340346,55.75259158231432,0
126008,55.552752813438495,0
50565340,55.51144014124141,0
141087,55.49572737180826,0
582929,55.492470963047694,0
362155,55.450282419508966,0
125194,55.40700408124601,0
50498553,55.25425571107076,0
135674,55.144233310398725,0
362109,55.08357499510203,0
17055,55.05267569759963,0
143078,55.02985518168804,0
50559193,55.022697382212336,0
25118,55.00701427703279,0
362114,54.8607801837253,0
138091,54.75487327421051,0
139755,54.73302755130441,0
362116,54.69328287621653,0
421002,54.682028571702986,0
50506319,54.64192587193804,0
125384,54.56680559266571,0
362106,54.55520243235211,0
127008,54.49937354478231,0
421329,54.44268331428248,0
203887,54.39105657014648,0
50222525,54.37151834839478,0
50094952,54.33358670061125,0
50498549,54.28924656323358,0
288385,54.20212969219006,0
362115,54.13171751863835,0
362092,54.12807478137714,0
50147686,54.12361387548403,0
143105,53.7726438406627,0
50107266,53.74633574028587,0
288897,53.71906448193437,0
602728,53.66910918264766,0
138345,53.65823248821002,0
127476,53.62239116593615,0
50499373,53.61013455092051,0
510994,53.603718090026426,0
50565335,53.57030303375576,0
50606028,53.45717523485425,0
139453,53.4251125675107,0
50506321,53.41856909490794,0
50495506,53.37554352091792,0
421330,53.357385390316274,0
288927,53.351700376487,0
421285,53.31252101793754,0
50495504,53.294293458128045,0
120359,53.238168144502495,0
138352,53.2292111069563,0
588110,53.17677543296526,0
139726,53.14229586864669,0
119517,53.03865037591269,0
125230,52.966314094597344,0
346188,52.94119632084557,0
340347,52.87534398563383,0
341173,52.87127431108453,1
121153,52.86208239537119,0
421382,52.77264556150149,0
340336,52.75778369167537,0
50156302,52.74443856309249,0
125243,52.73672953522988,0
362079,52.587072006934456,0
125383,52.50729961490842,0
138191,52.50446979871436,0
50042922,52.48686876771205,0
50157881,52.47595502655315,0
50602538,52.47116177728913,0
50439712,52.42978854117538,0
50107264,52.37585791147772,0
31095,52.21653593366904,0
50506341,52.17428916756866,0
50520428,51.99692135988957,0
127474,51.91333800734087,0
50067517,51.86442390385254,0
50498564,51.86010000272522,0
50505410,51.84752161200488,0
50067541,51.83365401363579,0
362149,51.71439253205092,0
50067535,51.70364907446297,0
138100,51.68316965392052,0
315496,51.65175047900492,0
50355500,51.57367456447648,0
50521217,51.57054419377031,0
50106928,51.52299773665686,0
136777,51.46697233669549,0
362111,51.43639796870523,0
50067520,51.359459783985685,0
421381,51.33718388461062,0
421328,51.32472758143184,0
288973,51.2580732181299,0
50498557,51.23934692728804,0
50506308,51.23424140780196,0
588706,51.18089465023367,0
136747,51.11429522530823,0
50204100,51.06391144735156,0
50112830,51.00587582357968,0
50543040,50.98874771843285,0
362080,50.97669192339973,0
119700,50.9703385505746,0
138103,50.88829279776744,0
50392462,50.87486941326286,0
135676,50.85720263582554,0
5445,50.83471876360415,0
340026,50.834675708161406,0
135637,50.83194812007388,0
288990,50.81280944165638,0
50543035,50.812526091709415,0
50204096,50.79967088957221,0
143106,50.73486791124489,0
362113,50.720950893448034,0
362124,50.71890167847872,0
50571990,50.69595453347015,1
525798,50.66030240949292,0
288986,50.64755588929549,0
121189,50.537603033039154,0
202518,50.52237923511717,0
50341051,50.517260549794,0
362105,50.4516416453024,0
50495496,50.448100888457006,0
50222526,50.37814178274282,0
135710,50.34967667747037,0
340345,50.32777543251274,0
50498547,50.29453652912077,0
50503982,50.15409514176177,0
315492,50.09394463722664,0
525800,50.0703491727602,0
50093505,50.0661883222109,0
50360025,50.04566983894804,0
288938,50.02686115193488,0
50107258,49.97157537883079,0
119697,49.94984658954342,0
525794,49.9493987856482,0
50543036,49.94482280351338,0
534374,49.92974212778107,0
418491,49.83386994974928,0
50156300,49.81501320754671,0
136776,49.81245876316004,0
50436455,49.800906309149134,0
50067537,49.77157541857565,0
120277,49.76923485448262,0
534372,49.719843163504535,0
119525,49.67321204764063,0
534380,49.55175790675806,0
143104,49.53182561040323,0
346186,49.49023448160097,0
139742,49.459869611392826,0
315493,49.45198045750731,0
50495512,49.42647445986371,0
50495503,49.42524631354203,0
288919,49.31753088891613,0
50571993,49.26533912875977,1
50515753,49.25683121010941,0
338859,49.24178797961094,0
50204102,49.23181713495147,0
50498555,49.21293628837975,0
525793,49.182113770442,0
50204095,49.072510210464365,0
50403077,49.06900500977388,0
50503999,49.06516321100488,0
50394884,49.05454202743709,0
50503995,49.0324065924915,0
281519,48.990533691608846,0
525756,48.989599511606656,0
259884,48.954285539474434,0
50107241,48.93960035922545,0
50333222,48.93807742057651,0
342476,48.93205729303176,0
118967,48.92386809547578,0
50112828,48.89304324712028,0
588094,48.87600091119059,0
342462,48.87600091119057,0
128025,48.76918397815803,0
50106926,48.76554522466739,0
50106927,48.70540807322831,0
50107011,48.6941531128234,0
50495502,48.650000583265296,0
50527624,48.559892194134775,1
50602501,48.54715834440723,0
511002,48.52492883495475,0
288978,48.52094268587935,0
418455,48.48423979652326,0
50093480,48.452671027182205,0
525759,48.45022384525046,0
50559197,48.44045656478728,0
342479,48.410567518497416,0
50333212,48.29733375666538,0
50498554,48.29010057215705,0
50107261,48.27099606322512,0
118962,48.21808617887813,0
342551,48.19803237985593,0
50189744,48.18388626318307,0
338905,48.049618302620594,0
362088,48.04804758746148,0
50543042,48.00824255089168,0
418457,47.999292123310646,0
534376,47.9915810437547,0
50156293,47.96061731893671,0
281486,47.95679592215612,0
281481,47.953726908200565,0
50495511,47.91211250386958,0
421385,47.88226507819189,0
50107248,47.87914462521743,0
418473,47.792818183756445,0
50128285,47.74983220829751,0
139654,47.727643605538205,0
50504009,47.71246032421384,0
457692,47.6361963710023,0
534373,47.59622266611607,0
25617,47.573082756670914,0
418471,47.570234588586665,0
511010,47.56287252412584,0
138102,47.48659554196945,0
50498565,47.47458589130817,0
50106970,47.45049071253128,0
534375,47.3927943456142,0
602729,47.37084854675896,0
50094951,47.35683215637363,0
588112,47.326905570966936,0
342481,47.32690557096692,0
50439528,47.321451382064005,0
281525,47.2857848472426,0
418466,47.256358905763165,0
50204101,47.231781485620935,0
457691,47.16735304056039,0
525728,47.15753797910687,0
50427473,47.144310500890256,0
50515746,47.06182516485437,0
362102,46.87905973401758,0
50204092,46.84633583565712,0
50571987,46.785965430316246,1
281484,46.75676377671618,0
362164,46.75598609089702,0
342557,46.74255791454743,0
288397,46.73458506980025,0
50132260,46.645418538119294,0
342518,46.58197070733528,0
340014,46.56568941184171,0
50093507,46.56079628609445,0
50107274,46.52794361009559,0
141130,46.50192837963816,0
50510506,46.49937483748142,0
338847,46.46895554668034,0
50515749,46.44627659493658,0
50093514,46.43917694291879,0
418472,46.33700639854631,0
50107271,46.27249024831084,0
12621,46.26552835977038,0
418497,46.18718284413623,0
50389400,46.178714145158295,0
418433,46.16672824323807,0
50355494,46.02346522473263,0
118950,45.99465162506907,0
418453,45.95019867996786,0
457696,45.90396833550773,0
418437,45.87110695484763,0
50515755,45.862226378969225,0
50067542,45.859862037831824,0
418456,45.84380760939033,0
418483,45.83873233572307,0
50510508,45.83001607890916,0
50355393,45.738184529033134,0
50271155,45.7318992249626,0
588066,45.58380368998539,0
50147684,45.56931347259094,0
50515747,45.542386805783984,0
50093506,45.5387170897772,0
124115,45.53705979558128,0
50107269,45.53663756118662,0
50389401,45.50697876307235,0
50543027,45.49572070297398,0
50355504,45.478945229385936,0
50341052,45.47810963336843,0
50161957,45.472429730778494,0
534410,45.41127859854162,0
342554,45.35941100020017,0
50495508,45.354626551161886,0
50107242,45.34509544555206,0
342544,45.30826454561606,0
50429867,45.27428413716445,0
50333024,45.26643646231452,0
50092783,45.24010678503405,0
50426818,45.212212890262826,0
288326,45.11438736774857,0
534400,45.01605206600146,0
50543034,45.004830181729695,0
418458,45.0015124844577,0
418435,44.960993411833705,0
124116,44.91414353108684,0
534296,44.9118378476118,0
50107014,44.88583233193332,0
418446,44.85249010854711,0
588731,44.83658858371705,0
138192,44.80348563148417,0
342468,44.796957263769,0
281517,44.770579986907975,0
340028,44.74572735068837,0
342525,44.724861855774535,0
418495,44.70581153652381,0
342464,44.70158835925073,0
50094953,44.63080635357485,0
50495515,44.59258350972598,0
50565345,44.56882624899051,0
50204099,44.48834353211365,0
50192909,44.47332668251156,0
534367,44.466660329706855,0
138384,44.39197413392216,0
50107268,44.39107678353655,0
342535,44.36814595185184,0
50495493,44.361295570909945,0
342488,44.35679252640721,0
418480,44.29250858418794,0
418459,44.231165890417934,0
50333218,44.2121113568504,0
50510501,44.18955550575939,0
342550,44.15468746995292,0
50543030,44.13199863084781,0
50543028,44.12315324671244,0
342552,44.10933859775116,0
418470,44.08639943370627,0
141121,44.04731186102577,0
534496,43.966092388132346,0
281518,43.93020175178808,0
588105,43.89308758703041,0
342466,43.84146097367517,0
50449994,43.83208766605674,0
50333031,43.82061491557516,0
340027,43.81752176615324,0
50107013,43.796756223530345,0
588134,43.7841852667187,0
342543,43.74704938854152,0
50222537,43.73406633492584,0
50510498,43.73350804788137,0
418451,43.73310477823922,0
418440,43.70391702058025,0
342495,43.69120120197134,0
342528,43.68286225844987,0
418469,43.67268525484638,0
50495492,43.668614203635,0
418482,43.66846710786203,0
418450,43.66786569696381,0
50515752,43.65817753183355,0
485802,43.65147712599605,0
485816,43.651477125996045,0
534495,43.63479563814637,0
402921,43.535630742693854,0
50531613,43.46527274495614,0
588092,43.45607204311968,0
418490,43.40953736297005,0
342517,43.39739169194858,0
141192,43.35581358256461,0
50510503,43.34098303282769,0
342553,43.3385267303464,0
50067533,43.25224926084349,0
562043,43.24394070520575,0
342549,43.21578683676076,0
342548,43.21355410293887,0
50261780,43.21192444210259,0
342470,43.200435361391285,0
588102,43.20043536139128,0
50389424,43.18413633240783,0
50106969,43.17613190888796,0
342547,43.14341315211929,0
534397,43.13149640955742,0
522195,43.09748994166624,0
15138,43.078710319727016,0
342526,42.98344953723928,0
50094949,42.93356396749337,0
362090,42.87353205999268,0
281544,42.84656274652652,0
534408,42.83882428975619,0
50429701,42.83466736289034,0
50204103,42.82313646461816,0
485810,42.81452806829318,0
50510510,42.79992405973186,0
138099,42.77264744080468,0
50510499,42.75705954313408,0
418444,42.74331215391963,0
31088,42.74003180402907,0
534563,42.73372020187897,0
534553,42.72400647264261,0
588106,42.68976583141089,0
50064769,42.66758230000025,0
50543031,42.66713767615975,0
525784,42.65309731123835,0
50495488,42.65052078749009,0
50389415,42.61559814851762,0
25628,42.615070459966105,0
50156295,42.61142672315594,0
485809,42.58057445168702,0
24654,42.55567327267116,0
418461,42.51767927807114,0
534558,42.48717647648795,0
418445,42.44274999780188,0
50333027,42.42660481088341,0
50093485,42.39145489055832,0
127514,42.38713099397429,0
50510512,42.378085210790935,0
418439,42.36947367808671,0
50510511,42.34984659579957,0
50333211,42.32761546110323,0
50341050,42.28866062846298,0
362085,42.27133460677883,0
342546,42.26532470463182,0
418462,42.24199807018352,0
50200971,42.2197348787248,0
342454,42.19427416723394,0
588088,42.194274167233935,0
288928,42.19103714354254,0
534422,42.19009415926856,0
342542,42.168929200401344,0
418436,42.16011434664696,0
50261341,42.11330250808158,0
50093521,42.104805058048335,0
534370,42.08953314250414,0
50392463,42.074822974737415,0
50565338,42.06338731881199,0
128828,42.04533544305184,0
50504000,42.03355514260486,0
534300,42.02569733474182,0
50537731,42.02238549767853,0
50389423,42.00309199460969,0
50067531,41.99808824784808,0
281521,41.97414932760751,0
259886,41.88086981515434,0
342555,41.8559575497342,0
50510502,41.85318618259239,0
342545,41.81204667929233,0
50107262,41.78712118066646,0
288955,41.7486053054848,0
534476,41.73259611995716,0
492332,41.714484224778666,0
534295,41.71232143201464,0
50261347,41.68382601530709,0
50503993,41.6624569804728,0
118973,41.63560860211975,0
534399,41.62056338147009,0
50192911,41.60435574710067,0
342469,41.56999125953833,0
562036,41.56019775871423,0
511006,41.552357420177216,0
418452,41.52730986469592,0
50510500,41.51082500878286,0
50389037,41.50396088512299,0
50394879,41.49905035416112,0
50427477,41.47954001087897,0
50426820,41.46821399840138,0
13535,41.45343874963115,0
485799,41.43816998270613,0
50072962,41.42486598504354,0
50261337,41.38286883557782,0
342537,41.38177010040209,0
402893,41.35767833501106,0
534298,41.35507999218706,0
50271148,41.31944321170761,0
50389420,41.31721225692769,0
588084,41.26663510378677,0
362089,41.26382192913986,0
588143,41.22699618330477,0
50107091,41.20090131400088,0
50495495,41.18158605737604,0
534559,41.16333255464709,0
342516,41.152417598462165,0
50072961,41.15005463833253,0
50192895,41.14914371032142,0
315498,41.14557894402376,0
588067,41.094714423683726,0
402892,41.06860983895896,0
342524,41.05736304846061,0
50392465,41.04051302218118,0
138097,41.01722730583622,0
483460,40.999808909439686,0
522188,40.99506702953511,0
534301,40.98852994336533,0
534362,40.98775428058001,0
562042,40.97355319585919,0
342527,40.96378894863351,0
138195,40.95446549442507,0
534297,40.84592257339491,0
511004,40.84013041288094,0
342522,40.83480620189717,0
50262410,40.778835959996,0
50510507,40.75794190706657,0
418485,40.71812632947554,0
50271157,40.67918417098056,0
50389408,40.67280167270114,0
534371,40.63538837377392,0
534299,40.63497621802837,0
534498,40.6334929617481,0
342529,40.63338161574828,0
534562,40.621610568394864,0
418449,40.608240665220144,0
534310,40.5857090307882,0
342450,40.57931091517089,0
124121,40.57147593954223,0
50319926,40.56092097227354,1
50577881,40.5439965072707,0
534561,40.53729949033805,0
50510505,40.52908268261149,0
50147688,40.5286081976189,0
342475,40.52667000169344,0
128830,40.52402435488565,0
50420328,40.50092662485567,0
562041,40.48627066574014,0
485800,40.47373919704079,0
485798,40.47373919704079,0
50498556,40.443674677154014,0
50599234,40.43247154943568,0
534368,40.42702122746999,0
534544,40.36913806814255,0
534534,40.36843486343621,0
50439516,40.35041696483426,0
485801,40.33066202911481,0
138196,40.29930970391306,0
534568,40.24412576440071,0
534357,40.24325520376238,0
50326054,40.22595465134078,0
123347,40.18641991619428,0
534281,40.14520385670971,0
534312,40.11867988646364,0
418489,40.09699103096532,0
534543,40.09434611393022,0
534475,40.03589546439612,0
342460,40.01833008041236,0
562032,40.00175290212536,0
562037,39.99924550139957,0
534369,39.98468809452425,0
418454,39.944888332345954,0
342459,39.93433727333316,0
534463,39.91943471144855,0
418474,39.91800142562534,0
288867,39.90038016434367,0
534277,39.85226486657555,0
534309,39.84664700451972,0
534382,39.833921884436,0
50389411,39.82327933620533,0
50094954,39.796520244412925,0
534546,39.78265128837049,0
534303,39.77831887413989,0
534283,39.77251693909767,0
534284,39.77251693909765,0
418438,39.72439667149433,0
562039,39.69910659936316,0
418496,39.691437793852,0
534280,39.69077390428562,0
50333214,39.670601561633696,0
534311,39.66169996063179,0
534308,39.65305032624183,0
50107260,39.6257346219165,0
288898,39.60002118341637,0
534278,39.55790622175061,0
534276,39.55690690483373,0
418487,39.55414969555742,0
534381,39.50423114032522,0
50189750,39.4518547745902,0
50427472,39.439548713875695,0
534454,39.43125892286629,0
511001,39.412206801166114,0
50495489,39.38406160111411,0
50355497,39.38102003156511,0
50064779,39.369448548336784,0
50192908,39.34160464003869,0
25117,39.3352625564881,0
5446,39.33062976717599,0
534326,39.29457445383739,0
50498567,39.29248965492342,0
534533,39.21754916010827,0
562033,39.19525228655761,0
534491,39.18121066955928,0
50192894,39.174066909518245,0
534542,39.16564078369097,0
124120,39.1488539145082,0
534279,39.12230285761232,0
534462,39.11828290141645,0
418434,39.10646047792528,0
138190,39.10225687867917,0
534412,39.09969557845714,0
50121212,39.09095853487512,0
50222528,39.073787095419135,0
50403094,39.03120931082607,0
50401145,39.02740503605417,0
562008,39.025250971868026,0
50107263,39.00442375659946,0
534530,38.98655986204843,0
534282,38.97227748500171,0
534364,38.96448749446495,0
50389413,38.943435426391495,0
50587446,38.93855137824682,0
534395,38.93215861483693,0
362063,38.92618505159668,0
418447,38.897693247042334,0
534275,38.88260716145461,0
562044,38.881187171425616,0
50262357,38.865517680968985,0
342539,38.83712428150663,0
26300,38.83514244647787,0
50192892,38.82348329464123,0
562050,38.81527563370766,0
50603862,38.80909136006382,0
511005,38.78552394416253,0
342531,38.74177775625757,0
50094946,38.612002431807056,0
534324,38.60978778442616,0
362689,38.59430130841624,0
534323,38.5823787341888,0
50510504,38.55957113078964,0
534541,38.54618323126226,0
50192881,38.53112987509392,0
50178294,38.52427592377576,0
50064861,38.49727887146224,0
534386,38.4968273664195,0
50093512,38.49056935234577,0
50064860,38.47771696694036,0
534336,38.47575069046091,0
534487,38.46571919961896,0
534356,38.46560874716311,0
534285,38.44172222983811,0
50565342,38.391010288531525,0
50192885,38.364955060877634,0
534539,38.35960775144606,0
534452,38.35297536270264,0
534291,38.347346278407706,0
534328,38.33687302361114,0
534488,38.304311128578426,0
534343,38.27892824619436,0
50064855,38.26158171673784,0
13530,38.237146851884894,0
534567,38.23428616877267,0
50178284,38.225595192682384,0
534342,38.225107799509736,0
420999,38.21366594783954,0
534455,38.17786159136661,0
534545,38.175223926441305,0
534287,38.16190823442168,0
288950,38.15202842420642,0
50064788,38.13715785351959,0
534340,38.13537928827966,0
50515748,38.078235466894014,0
418463,38.07371040326864,0
534453,37.99460885583115,0
534355,37.9783447118605,0
342556,37.96050366110834,0
534363,37.92700616797015,0
534405,37.92033051338939,0
534288,37.916899991648215,0
50389399,37.90837658495149,0
534345,37.8835348508591,0
534339,37.863974862402976,0
534486,37.86339665749677,0
534409,37.84234150942972,0
418475,37.83969889199034,0
534346,37.81794062291082,0
534274,37.81253570924165,0
50302390,37.789264610073246,0
534349,37.78865243661939,0
50064771,37.7877531364451,0
294399,37.740104706940606,0
534448,37.70697660301413,0
338876,37.702826265863,0
342501,37.662154231591884,0
534411,37.61641517842614,0
50394875,37.57167019398987,0
534329,37.55991029968076,0
50439519,37.53331460780655,0
50262409,37.48048409336669,0
50147677,37.46421800428086,0
418441,37.43234533037407,0
50107016,37.42470209102051,0
534398,37.41481464529125,0
534366,37.39863526202699,0
50389387,37.377498640625504,0
418464,37.37250692645881,0
534565,37.35060426350714,0
534531,37.32500994771469,0
288913,37.32323208577719,0
342530,37.31567083333908,0
50559208,37.27475371105752,0
50439520,37.26890292081233,0
534292,37.26320317743233,0
50064859,37.24407513828893,0
50427468,37.24117719163038,0
50436454,37.238914177764606,0
50222524,37.226366592831226,0
281530,37.21989405891787,0
50306682,37.20266154709609,0
534316,37.20084070686238,0
534338,37.19029692371211,0
534420,37.16227559366014,0
534485,37.14066217022914,0
13533,37.139278851035975,0
534535,37.12453969519492,0
5931,37.11102478425762,0
534532,37.09736020998543,0
50064857,37.04229923163024,0
50261338,37.01852738150535,0
50326053,37.0056287762264,0
342494,37.00295622510912,0
342471,36.93635494183138,0
50064856,36.90380081278804,0
534407,36.89384038986874,0
50389419,36.88520666240152,0
50261355,36.8634877246682,0
50107270,36.834512161570686,0
418493,36.81643373316192,0
418477,36.80726047458928,0
50577880,36.78206263085501,0
534404,36.77178859623096,0
50469457,36.75583931679629,0
342490,36.75537614737853,0
255531,36.74856471589416,0
281482,36.74678774220134,0
281534,36.72629447325805,0
50222529,36.65252395160411,0
50503990,36.63693370357392,0
534341,36.635324516533,0
534331,36.63065111747804,0
534513,36.63026536077512,0
50261781,36.61455738494493,0
50427464,36.61319410307409,0
418460,36.57771949222083,0
50565341,36.57485056116302,0
534350,36.56854617820184,0
50559209,36.56089477325518,0
534330,36.54673726145016,0
534414,36.52467391631309,0
50107015,36.50755906147258,0
588126,36.50297927820649,0
342497,36.50297927820649,0
50427479,36.48784352921939,0
50261354,36.475621297883805,0
50394877,36.46991518490371,0
534419,36.467735754756376,0
50393362,36.456752255103055,0
534320,36.33823688412796,0
534347,36.328940917908895,0
534286,36.31929850033568,0
534522,36.31635465708541,0
534327,36.29536570286429,0
534403,36.28024318240611,0
534332,36.21190992051545,0
534313,36.15196198053823,0
534384,36.139261897187325,0
342452,36.13870163231862,0
534424,36.13302895958218,0
534514,36.09064419317086,0
342485,36.080413784730034,0
534451,36.05567951985021,0
534484,36.03846583544036,0
534492,35.991307684881605,0
362030,35.976758887908616,0
342486,35.962802229262266,0
534406,35.95909387070503,0
342532,35.94956066409528,0
50262296,35.94514477484231,0
50392461,35.92710267903908,0
50427469,35.91980257767444,0
50401463,35.91007095661508,0
534306,35.907644918591984,0
534528,35.829305770091075,0
50365858,35.822227794310415,0
50503132,35.817866365291295,0
60665,35.81597385038573,0
50261330,35.80610212186711,0
588116,35.76058787861183,0
534315,35.742823551784745,0
534344,35.69814948211685,0
588115,35.69620876981141,0
281533,35.67630143693461,0
50537728,35.67426852839599,0
534536,35.66846783994696,0
50178283,35.62911608738996,0
342533,35.62893491986847,0
50365885,35.603427064992104,0
50594347,35.537431603572905,0
534314,35.52976999729788,0
281500,35.51211735474154,0
534365,35.49903281580677,0
288911,35.49817407014557,0
50371404,35.49204859806744,0
534449,35.488555523797785,0
138095,35.42427990466192,0
534333,35.412880337637034,0
534483,35.40692797658088,0
50309910,35.32497242542235,0
534337,35.3036066128784,0
588086,35.24835513383191,0
534413,35.241362065790995,0
50537736,35.226943697890334,0
50308060,35.20799053140787,0
259882,35.17750864546413,0
534529,35.110388699998914,0
50389410,35.07664985544476,0
342458,35.07656047052739,0
534515,35.06911479139688,0
60589,35.0601370290993,0
534450,35.030278791640164,0
534383,34.99668237960827,0
340015,34.97946812626342,0
281512,34.95306277507667,0
562009,34.94155271072525,0
128826,34.91483223709484,0
50392464,34.86346369757688,0
50537726,34.84164605029779,0
50594346,34.83622033597444,0
50107236,34.81955578296773,0
50394880,34.813100366343015,0
2579,34.809570528846336,0
534482,34.78488141035095,0
50067540,34.77409137552088,0
534523,34.6935732076561,0
342540,34.671471599637734,0
50261353,34.66809654479562,0
534423,34.654874186806964,0
50261339,34.64782395129106,0
50387531,34.59540131853027,0
50389397,34.55758966615945,0
534511,34.55266949947859,0
50018266,34.54276751131099,0
50392468,34.52827292397556,0
50355495,34.524844724983765,0
50515751,34.42095902450057,0
50427465,34.418674353683265,0
32362,34.400854725789465,0
562038,34.342576357062825,0
50394878,34.336699725077395,0
50262168,34.26492703803758,0
534385,34.26486191607031,0
50573153,34.23691084467613,1
50392466,34.234525678019786,0
342534,34.213264686437945,0
50504013,34.171964245542576,0
50107272,34.158378299732924,0
50439525,34.15440928447876,0
50599595,34.14406054269107,0
50184807,34.13636994921174,0
106870,34.008359807466135,0
534481,33.9952394841607,0
534307,33.943368852496555,0
534304,33.93788021167289,0
522187,33.91987870608268,0
24773,33.91292680195616,0
50594352,33.90755661574127,0
50389053,33.86497787776039,0
50300095,33.809475939037945,0
342541,33.78503370481106,0
50420332,33.74265957105911,0
534833,33.70243974378662,0
281520,33.650874644230136,0
50537729,33.564748823920155,0
534325,33.545510627854746,0
342465,33.491452896915014,0
50107265,33.4720984106059,0
534512,33.45900004550992,0
50401142,33.45406560111132,0
128640,33.36962964040212,0
418494,33.36509192367209,0
50401149,33.35709842073387,0
50503988,33.332246787177695,0
128825,33.312116499450106,0
50392467,33.23711074121197,0
50261329,33.05336231302529,0
50387528,33.032850239359526,0
50156299,33.02076568728045,0
50503987,33.01924916980279,0
50200519,33.00885159577276,0
281507,32.97493338428289,0
50094948,32.95799112429421,0
50333213,32.858614525292346,0
31085,32.70103043217009,0
50237710,32.62844183614119,0
50587445,32.57875612185841,0
50401150,32.57185927500018,0
50389416,32.570240799310405,0
338861,32.51220597269112,0
50302391,32.42295301506123,0
50389391,32.416559951018,0
50503979,32.37422336989323,0
288908,32.35847879134709,0
50503989,32.34707603745957,0
50392460,32.33955767665103,0
588087,32.31557276727147,0
588729,32.3076629914364,0
342536,32.2939198161772,0
50107243,32.27933333326611,0
50401141,32.16087720338172,0
50401153,32.09916918144395,0
196114,32.09741955692795,0
50393331,32.022489768852004,0
50222535,31.993663020370796,0
281527,31.95228563742525,0
50495509,31.934837663910905,0
50262299,31.902702296187364,0
50504003,31.879518801861888,0
288985,31.836389437618905,0
50107238,31.82646134846945,0
50091693,31.741668991253324,0
259881,31.736616557643416,0
342523,31.71618590641268,0
50387545,31.66588997509166,0
50449295,31.649048095018205,0
50178287,31.62646478925578,0
50333217,31.623004623415387,0
50393363,31.562304443277476,0
588135,31.450072479069803,0
342521,31.45007247906979,0
50147681,31.425332754441985,0
50521222,31.356723900657933,0
50573150,31.28986571785052,0
288995,31.22446286471883,0
50594348,31.101527400008504,0
255530,31.0664800771367,0
562034,31.00322860877768,0
50427466,30.99456212657781,0
342492,30.992270072250044,0
50389051,30.988495912115045,0
50222531,30.95949879448145,0
138096,30.89597410770048,0
340022,30.80754422092909,0
50504006,30.750424757609835,0
50519158,30.70577519153768,0
50427474,30.69822749651481,0
50521213,30.66481218754881,0
259885,30.515970008252275,0
50363167,30.51168652666025,0
50341046,30.51162689890327,0
16673,30.511604909618924,0
50262406,30.47266038633223,0
50389404,30.437668225603783,0
50392450,30.424797885106404,0
50147685,30.422957695974127,0
50381606,30.38928794995279,0
50401151,30.364227676257546,0
340024,30.352628233748295,0
281487,30.33635661488481,0
6568,30.32942660401957,0
50222532,30.321191528037968,0
288907,30.30006263946114,0
50503994,30.27830111059852,0
342500,30.19901692190712,0
50262297,30.19214648757544,0
340018,30.121611300991365,0
50401147,30.12031151550303,0
50427461,30.076178438028784,0
50147674,30.076099845532536,0
50449308,30.0247218307493,0
288984,29.94744384606009,0
50204104,29.76520527264505,0
50389396,29.725418865961974,0
50147689,29.64239277527981,0
288336,29.60743234617133,0
338848,29.58422773493654,0
562035,29.58047165536968,0
50427478,29.511027216815567,0
50469458,29.4498437335441,0
50401144,29.398826096163912,0
50200518,29.33864661203106,0
338860,29.228357783621075,0
50094945,29.223961180025327,0
50094947,29.19952267086056,0
128829,29.19195018129923,0
50504010,29.169737498057835,0
50389414,29.127207364605532,0
50387529,29.080744362998743,0
50156294,29.068343318956885,0
50333221,29.04036878118201,0
50262358,29.026355782280262,0
418481,29.002770871624527,0
342499,28.99856435451636,0
50389428,28.992908525206,0
50178286,28.980020917153468,0
50204098,28.947880020793843,0
50401146,28.9056072286941,0
50389398,28.89394911689793,0
342453,28.8926128274735,0
50389074,28.87308136311359,0
50504002,28.87002520692045,0
50504012,28.82982500210668,0
50094944,28.81945294783759,0
50427467,28.79823548976759,0
50178285,28.792582080341653,0
50261348,28.777669948137525,0
341273,28.720683956102597,0
50503991,28.71531220351113,0
50262171,28.698904482816477,0
50392459,28.698275351745323,0
50468940,28.68112736499538,0
50389039,28.60291525340824,0
50381604,28.56870413892216,0
50389421,28.56461719098933,0
281529,28.41859151423761,0
340020,28.379838064362904,0
50570773,28.363761476502013,0
50503981,28.352099917574066,0
50460340,28.3407466953339,0
50389426,28.31256166196503,0
50147678,28.304018353116817,0
50300690,28.27546189495037,0
50594349,28.26571597771428,0
50401148,28.264092018816388,0
50573152,28.189145492960176,0
50389064,28.176256206678,0
50449307,28.151939747534705,0
50533779,28.110728573014207,0
50537727,28.006199961198867,0
50389388,28.001442270221386,0
50389040,28.001411397881075,0
50147675,27.945341064975004,0
50503996,27.89850322689625,0
294363,27.88255329174328,0
50504008,27.814642170362347,0
50503992,27.672678286572157,0
50302389,27.547109355930694,0
50094942,27.527378298282795,0
50262407,27.51574590052536,0
588085,27.33935392867329,0
50333226,27.311767021099342,0
340017,27.28758755280852,0
50094955,27.18195898389861,0
342451,27.01275732150948,0
50389417,26.954040422673387,0
50262353,26.95110419343745,0
138320,26.885659685053568,0
50587447,26.781863680448005,0
50392470,26.709264394098483,0
50427471,26.568211101569315,0
50156301,26.530109890692337,0
120858,26.517175154897853,0
340023,26.513633042066733,0
50333210,26.463069098141112,0
138296,26.38062257874681,0
339973,26.346312208088356,0
50401143,26.29589369601171,0
50389063,26.229916194429155,0
288370,26.21507626229164,0
437740,26.1735931607566,0
340019,26.130443561107946,0
50467448,26.084806151526852,0
50389045,25.98096889232239,0
338875,25.930865001229986,0
50262354,25.842487179347778,0
50503984,25.631031929374544,0
50521211,25.60834891496489,0
50503998,25.57112852437098,0
50503980,25.54438451834304,0
50504011,25.53937849610977,0
50147676,25.47269571867789,0
50427458,25.446631667181236,0
5655,25.28402345281847,0
50094950,25.2523059997567,0
50261340,25.165475051589294,0
50447091,24.76902701203076,0
138197,24.68403146044847,0
50310989,24.611498274951803,0
50381607,24.56951876047277,0
50261352,24.529555214502484,0
50389057,24.524533345108104,0
50389405,24.38346170343855,0
50389036,24.31844451968127,0
339972,24.07287326264402,0
50262355,24.060055625320885,0
50381608,24.04957894134924,0
50427475,24.044230987940917,0
50262359,24.00730016098113,0
288885,23.70518914832706,0
50262298,23.60383176805547,0
281509,23.325126828621624,0
50389060,23.15410424463372,0
50427462,23.14481981051989,0
50460339,23.12793522245248,0
50262121,23.07185610437091,0
50389043,22.795702798896954,0
50333215,22.79211825461978,0
50262122,22.76688084605544,0
50365262,22.74736681700748,0
50262123,22.602303272423363,0
281543,22.580763421996277,0
50381603,22.403153606018726,0
15244,22.109621631950716,0
50333220,22.07989429233232,0
259897,21.78529383862191,0
50389055,21.53913201215461,0
50381605,21.48297849911236,0
50389061,21.36601141091391,0
50504005,21.362884336246477,0
50333216,21.29032148672091,0
362024,21.224333565581432,0
50302393,21.17581244044792,0
50024966,20.87404073992093,0
288935,20.82228897554155,0
50427490,20.476801082424203,0
50503986,20.4548190293917,0
50503985,20.384131764970675,0
129818,20.142344196494435,0
50389056,19.73339371285766,0
4851,19.521728260915225,0
128827,19.140311323871163,0
50107012,18.247533607222625,0
50262356,18.22219711451715,0
50389038,17.88687846202724,0
50427476,17.683526638758252,0
50503997,16.857280604101142,0
